perftest0,
perftest1,
perftest2,
perftest3,
perftest4,
perftest5,
perftest6,
perftest7,
perftest8,
perftest9,
perftest10,
perftest11,
perftest12,
perftest13,
perftest14,
perftest15,
perftest16,
perftest17,
perftest18,
perftest19,
perftest20,
perftest21,
perftest22,
perftest23,
perftest24,
perftest25,
perftest26,
perftest27,
perftest28,
perftest29,
perftest30,
perftest31,
perftest32,
perftest33,
perftest34,
perftest35,
perftest36,
perftest37,
perftest38,
perftest39,
perftest40,
perftest41,
perftest42,
perftest43,
perftest44,
perftest45,
perftest46,
perftest47,
perftest48,
perftest49,
perftest50,
perftest51,
perftest52,
perftest53,
perftest54,
perftest55,
perftest56,
perftest57,
perftest58,
perftest59,
perftest60,
perftest61,
perftest62,
perftest63,
perftest64,
perftest65,
perftest66,
perftest67,
perftest68,
perftest69,
perftest70,
perftest71,
perftest72,
perftest73,
perftest74,
perftest75,
perftest76,
perftest77,
perftest78,
perftest79,
perftest80,
perftest81,
perftest82,
perftest83,
perftest84,
perftest85,
perftest86,
perftest87,
perftest88,
perftest89,
perftest90,
perftest91,
perftest92,
perftest93,
perftest94,
perftest95,
perftest96,
perftest97,
perftest98,
perftest99,
perftest100,
perftest101,
perftest102,
perftest103,
perftest104,
perftest105,
perftest106,
perftest107,
perftest108,
perftest109,
perftest110,
perftest111,
perftest112,
perftest113,
perftest114,
perftest115,
perftest116,
perftest117,
perftest118,
perftest119,
perftest120,
perftest121,
perftest122,
perftest123,
perftest124,
perftest125,
perftest126,
perftest127,
perftest128,
perftest129,
perftest130,
perftest131,
perftest132,
perftest133,
perftest134,
perftest135,
perftest136,
perftest137,
perftest138,
perftest139,
perftest140,
perftest141,
perftest142,
perftest143,
perftest144,
perftest145,
perftest146,
perftest147,
perftest148,
perftest149,
perftest150,
perftest151,
perftest152,
perftest153,
perftest154,
perftest155,
perftest156,
perftest157,
perftest158,
perftest159,
perftest160,
perftest161,
perftest162,
perftest163,
perftest164,
perftest165,
perftest166,
perftest167,
perftest168,
perftest169,
perftest170,
perftest171,
perftest172,
perftest173,
perftest174,
perftest175,
perftest176,
perftest177,
perftest178,
perftest179,
perftest180,
perftest181,
perftest182,
perftest183,
perftest184,
perftest185,
perftest186,
perftest187,
perftest188,
perftest189,
perftest190,
perftest191,
perftest192,
perftest193,
perftest194,
perftest195,
perftest196,
perftest197,
perftest198,
perftest199,
perftest200,
perftest201,
perftest202,
perftest203,
perftest204,
perftest205,
perftest206,
perftest207,
perftest208,
perftest209,
perftest210,
perftest211,
perftest212,
perftest213,
perftest214,
perftest215,
perftest216,
perftest217,
perftest218,
perftest219,
perftest220,
perftest221,
perftest222,
perftest223,
perftest224,
perftest225,
perftest226,
perftest227,
perftest228,
perftest229,
perftest230,
perftest231,
perftest232,
perftest233,
perftest234,
perftest235,
perftest236,
perftest237,
perftest238,
perftest239,
perftest240,
perftest241,
perftest242,
perftest243,
perftest244,
perftest245,
perftest246,
perftest247,
perftest248,
perftest249,
perftest250,
perftest251,
perftest252,
perftest253,
perftest254,
perftest255,
perftest256,
perftest257,
perftest258,
perftest259,
perftest260,
perftest261,
perftest262,
perftest263,
perftest264,
perftest265,
perftest266,
perftest267,
perftest268,
perftest269,
perftest270,
perftest271,
perftest272,
perftest273,
perftest274,
perftest275,
perftest276,
perftest277,
perftest278,
perftest279,
perftest280,
perftest281,
perftest282,
perftest283,
perftest284,
perftest285,
perftest286,
perftest287,
perftest288,
perftest289,
perftest290,
perftest291,
perftest292,
perftest293,
perftest294,
perftest295,
perftest296,
perftest297,
perftest298,
perftest299,
perftest300,
perftest301,
perftest302,
perftest303,
perftest304,
perftest305,
perftest306,
perftest307,
perftest308,
perftest309,
perftest310,
perftest311,
perftest312,
perftest313,
perftest314,
perftest315,
perftest316,
perftest317,
perftest318,
perftest319,
perftest320,
perftest321,
perftest322,
perftest323,
perftest324,
perftest325,
perftest326,
perftest327,
perftest328,
perftest329,
perftest330,
perftest331,
perftest332,
perftest333,
perftest334,
perftest335,
perftest336,
perftest337,
perftest338,
perftest339,
perftest340,
perftest341,
perftest342,
perftest343,
perftest344,
perftest345,
perftest346,
perftest347,
perftest348,
perftest349,
perftest350,
perftest351,
perftest352,
perftest353,
perftest354,
perftest355,
perftest356,
perftest357,
perftest358,
perftest359,
perftest360,
perftest361,
perftest362,
perftest363,
perftest364,
perftest365,
perftest366,
perftest367,
perftest368,
perftest369,
perftest370,
perftest371,
perftest372,
perftest373,
perftest374,
perftest375,
perftest376,
perftest377,
perftest378,
perftest379,
perftest380,
perftest381,
perftest382,
perftest383,
perftest384,
perftest385,
perftest386,
perftest387,
perftest388,
perftest389,
perftest390,
perftest391,
perftest392,
perftest393,
perftest394,
perftest395,
perftest396,
perftest397,
perftest398,
perftest399,
perftest400,
perftest401,
perftest402,
perftest403,
perftest404,
perftest405,
perftest406,
perftest407,
perftest408,
perftest409,
perftest410,
perftest411,
perftest412,
perftest413,
perftest414,
perftest415,
perftest416,
perftest417,
perftest418,
perftest419,
perftest420,
perftest421,
perftest422,
perftest423,
perftest424,
perftest425,
perftest426,
perftest427,
perftest428,
perftest429,
perftest430,
perftest431,
perftest432,
perftest433,
perftest434,
perftest435,
perftest436,
perftest437,
perftest438,
perftest439,
perftest440,
perftest441,
perftest442,
perftest443,
perftest444,
perftest445,
perftest446,
perftest447,
perftest448,
perftest449,
perftest450,
perftest451,
perftest452,
perftest453,
perftest454,
perftest455,
perftest456,
perftest457,
perftest458,
perftest459,
perftest460,
perftest461,
perftest462,
perftest463,
perftest464,
perftest465,
perftest466,
perftest467,
perftest468,
perftest469,
perftest470,
perftest471,
perftest472,
perftest473,
perftest474,
perftest475,
perftest476,
perftest477,
perftest478,
perftest479,
perftest480,
perftest481,
perftest482,
perftest483,
perftest484,
perftest485,
perftest486,
perftest487,
perftest488,
perftest489,
perftest490,
perftest491,
perftest492,
perftest493,
perftest494,
perftest495,
perftest496,
perftest497,
perftest498,
perftest499,
perftest500,
perftest501,
perftest502,
perftest503,
perftest504,
perftest505,
perftest506,
perftest507,
perftest508,
perftest509,
perftest510,
perftest511,
perftest512,
perftest513,
perftest514,
perftest515,
perftest516,
perftest517,
perftest518,
perftest519,
perftest520,
perftest521,
perftest522,
perftest523,
perftest524,
perftest525,
perftest526,
perftest527,
perftest528,
perftest529,
perftest530,
perftest531,
perftest532,
perftest533,
perftest534,
perftest535,
perftest536,
perftest537,
perftest538,
perftest539,
perftest540,
perftest541,
perftest542,
perftest543,
perftest544,
perftest545,
perftest546,
perftest547,
perftest548,
perftest549,
perftest550,
perftest551,
perftest552,
perftest553,
perftest554,
perftest555,
perftest556,
perftest557,
perftest558,
perftest559,
perftest560,
perftest561,
perftest562,
perftest563,
perftest564,
perftest565,
perftest566,
perftest567,
perftest568,
perftest569,
perftest570,
perftest571,
perftest572,
perftest573,
perftest574,
perftest575,
perftest576,
perftest577,
perftest578,
perftest579,
perftest580,
perftest581,
perftest582,
perftest583,
perftest584,
perftest585,
perftest586,
perftest587,
perftest588,
perftest589,
perftest590,
perftest591,
perftest592,
perftest593,
perftest594,
perftest595,
perftest596,
perftest597,
perftest598,
perftest599,
perftest600,
perftest601,
perftest602,
perftest603,
perftest604,
perftest605,
perftest606,
perftest607,
perftest608,
perftest609,
perftest610,
perftest611,
perftest612,
perftest613,
perftest614,
perftest615,
perftest616,
perftest617,
perftest618,
perftest619,
perftest620,
perftest621,
perftest622,
perftest623,
perftest624,
perftest625,
perftest626,
perftest627,
perftest628,
perftest629,
perftest630,
perftest631,
perftest632,
perftest633,
perftest634,
perftest635,
perftest636,
perftest637,
perftest638,
perftest639,
perftest640,
perftest641,
perftest642,
perftest643,
perftest644,
perftest645,
perftest646,
perftest647,
perftest648,
perftest649,
perftest650,
perftest651,
perftest652,
perftest653,
perftest654,
perftest655,
perftest656,
perftest657,
perftest658,
perftest659,
perftest660,
perftest661,
perftest662,
perftest663,
perftest664,
perftest665,
perftest666,
perftest667,
perftest668,
perftest669,
perftest670,
perftest671,
perftest672,
perftest673,
perftest674,
perftest675,
perftest676,
perftest677,
perftest678,
perftest679,
perftest680,
perftest681,
perftest682,
perftest683,
perftest684,
perftest685,
perftest686,
perftest687,
perftest688,
perftest689,
perftest690,
perftest691,
perftest692,
perftest693,
perftest694,
perftest695,
perftest696,
perftest697,
perftest698,
perftest699,
perftest700,
perftest701,
perftest702,
perftest703,
perftest704,
perftest705,
perftest706,
perftest707,
perftest708,
perftest709,
perftest710,
perftest711,
perftest712,
perftest713,
perftest714,
perftest715,
perftest716,
perftest717,
perftest718,
perftest719,
perftest720,
perftest721,
perftest722,
perftest723,
perftest724,
perftest725,
perftest726,
perftest727,
perftest728,
perftest729,
perftest730,
perftest731,
perftest732,
perftest733,
perftest734,
perftest735,
perftest736,
perftest737,
perftest738,
perftest739,
perftest740,
perftest741,
perftest742,
perftest743,
perftest744,
perftest745,
perftest746,
perftest747,
perftest748,
perftest749,
perftest750,
perftest751,
perftest752,
perftest753,
perftest754,
perftest755,
perftest756,
perftest757,
perftest758,
perftest759,
perftest760,
perftest761,
perftest762,
perftest763,
perftest764,
perftest765,
perftest766,
perftest767,
perftest768,
perftest769,
perftest770,
perftest771,
perftest772,
perftest773,
perftest774,
perftest775,
perftest776,
perftest777,
perftest778,
perftest779,
perftest780,
perftest781,
perftest782,
perftest783,
perftest784,
perftest785,
perftest786,
perftest787,
perftest788,
perftest789,
perftest790,
perftest791,
perftest792,
perftest793,
perftest794,
perftest795,
perftest796,
perftest797,
perftest798,
perftest799,
perftest800,
perftest801,
perftest802,
perftest803,
perftest804,
perftest805,
perftest806,
perftest807,
perftest808,
perftest809,
perftest810,
perftest811,
perftest812,
perftest813,
perftest814,
perftest815,
perftest816,
perftest817,
perftest818,
perftest819,
perftest820,
perftest821,
perftest822,
perftest823,
perftest824,
perftest825,
perftest826,
perftest827,
perftest828,
perftest829,
perftest830,
perftest831,
perftest832,
perftest833,
perftest834,
perftest835,
perftest836,
perftest837,
perftest838,
perftest839,
perftest840,
perftest841,
perftest842,
perftest843,
perftest844,
perftest845,
perftest846,
perftest847,
perftest848,
perftest849,
perftest850,
perftest851,
perftest852,
perftest853,
perftest854,
perftest855,
perftest856,
perftest857,
perftest858,
perftest859,
perftest860,
perftest861,
perftest862,
perftest863,
perftest864,
perftest865,
perftest866,
perftest867,
perftest868,
perftest869,
perftest870,
perftest871,
perftest872,
perftest873,
perftest874,
perftest875,
perftest876,
perftest877,
perftest878,
perftest879,
perftest880,
perftest881,
perftest882,
perftest883,
perftest884,
perftest885,
perftest886,
perftest887,
perftest888,
perftest889,
perftest890,
perftest891,
perftest892,
perftest893,
perftest894,
perftest895,
perftest896,
perftest897,
perftest898,
perftest899,
perftest900,
perftest901,
perftest902,
perftest903,
perftest904,
perftest905,
perftest906,
perftest907,
perftest908,
perftest909,
perftest910,
perftest911,
perftest912,
perftest913,
perftest914,
perftest915,
perftest916,
perftest917,
perftest918,
perftest919,
perftest920,
perftest921,
perftest922,
perftest923,
perftest924,
perftest925,
perftest926,
perftest927,
perftest928,
perftest929,
perftest930,
perftest931,
perftest932,
perftest933,
perftest934,
perftest935,
perftest936,
perftest937,
perftest938,
perftest939,
perftest940,
perftest941,
perftest942,
perftest943,
perftest944,
perftest945,
perftest946,
perftest947,
perftest948,
perftest949,
perftest950,
perftest951,
perftest952,
perftest953,
perftest954,
perftest955,
perftest956,
perftest957,
perftest958,
perftest959,
perftest960,
perftest961,
perftest962,
perftest963,
perftest964,
perftest965,
perftest966,
perftest967,
perftest968,
perftest969,
perftest970,
perftest971,
perftest972,
perftest973,
perftest974,
perftest975,
perftest976,
perftest977,
perftest978,
perftest979,
perftest980,
perftest981,
perftest982,
perftest983,
perftest984,
perftest985,
perftest986,
perftest987,
perftest988,
perftest989,
perftest990,
perftest991,
perftest992,
perftest993,
perftest994,
perftest995,
perftest996,
perftest997,
perftest998,
perftest999,
