username0,password0,address0,
username1,password1,address1,
username2,password2,address2,
username3,password3,address3,
username4,password4,address4,
username5,password5,address5,
username6,password6,address6,
username7,password7,address7,
username8,password8,address8,
username9,password9,address9,
username10,password10,address10,
username11,password11,address11,
username12,password12,address12,
username13,password13,address13,
username14,password14,address14,
username15,password15,address15,
username16,password16,address16,
username17,password17,address17,
username18,password18,address18,
username19,password19,address19,
username20,password20,address20,
username21,password21,address21,
username22,password22,address22,
username23,password23,address23,
username24,password24,address24,
username25,password25,address25,
username26,password26,address26,
username27,password27,address27,
username28,password28,address28,
username29,password29,address29,
